CaseID,duration,num_events,num_unique_activities,num_resources,avg_time_between,has_reject,activity_transitions,cluster
1,3.3333333333333335,12,12,0,0.30303030303030304,0,11,1
2,0.1076388888888889,7,7,0,0.01793981481481481,0,6,0
3,0.1111111111111111,8,8,0,0.015873015873015872,0,7,0
4,3.2916666666666665,12,12,0,0.29924242424242425,0,11,1
5,1.125,11,10,0,0.1125,0,10,3
6,2.1666666666666665,10,10,0,0.24074074074074078,0,9,4
7,3.125,12,12,0,0.2840909090909091,0,11,5
8,0.006944444444444444,3,3,0,0.003472222222222222,0,2,2
